<?xml version="1.0" encoding="UTF-8"?>
<!DOCTYPE hibernate-configuration PUBLIC
		"-//Hibernate/Hibernate Configuration DTD 3.0//EN"
		"http://www.hibernate.org/dtd/hibernate-configuration-3.0.dtd">
<hibernate-configuration>
    <session-factory>
        <property name="hibernate.connection.driver_class">com.ibm.db2.jcc.DB2Driver</property>
        <property name="hibernate.connection.password">coradm</property>
        <property name="hibernate.connection.url">jdbc:db2://10.2.154.15:50013/cort</property>
        <property name="hibernate.connection.username">coradm</property>
        <property name="hibernate.dialect">org.hibernate.dialect.DB2Dialect</property>
    </session-factory>
</hibernate-configuration>
